li,950
wang,1839
zhang,2687
liu,3333
chen,3877
yang,4247
zhao,4522
huang,4790
zhou,5044
wu,5290
xu,5490
sun,5675
hu,5832
zhu,5983
gao,6128
lin,6270
he,6410
guo,6548
ma,6674
luo,6777
liang,6878
song,6975
zhen,7069
xie,7155
han,7237
tang,7315
feng,7392
dong,7466
yu,7540
xiao,7611
cao,7679
cheng,7748
yuan,7814
deng,7879
xu,7944
fu,8005
shen,8065
zeng,8125
peng,8184
jiang,8240
lu,8296
lu,8352
su,8408
cai,8463
wei,8517
ding,8567
jia,8617
xue,8667
ye,8717
pan,8766
yan,8815
yu,8864
du,8912
dai,8959
xia,9006
zhong,9052
ren,9098
tian,9144
wang,9190
fan,9233
jiang,9277
fang,9320
shi,9362
yao,9404
liao,9445
tan,9486
zou,9526
jin,9564
xiong,9602
lu,9639
he,9675
bai,9710
cui,9744
kang,9778
kong,9813
mao,9845
qiu,9877
jiang,9908
qin,9939
gu,9969
hou,9999
shi,10029
long,10058
meng,10087
shao,10116
wan,10145
duan,10173
lei,10200
qian,10226
tang,10249
yi,10272
yin,10295
chang,10317
he,10339
lai,10361
li,10384
qiao,10406
wu,10428
gong,10449
wen,10469
